{
  "train_loss": [
    0.06393155639529464,
    0.008309617990673316,
    0.004922749091656081,
    0.0036170969626607963,
    0.002458834705290068,
    0.0057047871290111804,
    0.0026596690363937937,
    0.0017900274568873919,
    0.001565483876810923,
    0.0012219859446875405,
    0.0012429328944036971,
    0.0013157489954338632,
    0.0013201331693475187,
    0.0011781980784745147,
    0.0011325573440843489,
    0.0009881024589559768,
    0.0009913771680104047,
    0.0009736005928403298,
    0.0009439891485602479,
    0.0008994747524826417,
    0.0008800081927588149,
    0.0008693712498235685,
    0.0008524909995005519,
    0.0008336470253520998,
    0.0008261404337978991,
    0.0008283251034049924,
    0.0008145523797963671,
    0.0008228876085128367,
    0.0008056528213361549,
    0.0009048580968175643,
    0.0008201920115048202,
    0.0008072544226908377,
    0.0008113106754101322,
    0.0007998774099080246,
    0.0007989399059967762,
    0.0008048691545278721,
    0.0007992982350316762,
    0.0008003261717582059,
    0.0007940298033496803,
    0.0008653800298858136,
    0.0007807121557192544,
    0.00077807906640945,
    0.0007766598150302074,
    0.0007761882669277863,
    0.0007692045420803123,
    0.0007736128836629043,
    0.0007728862948808132,
    0.000770206298483393,
    0.0007752995486466306,
    0.0007669489151224762
  ],
  "train_psnr": [
    18.57814957839408,
    20.850606782829903,
    23.189932031517873,
    24.592097477688412,
    26.163267966230958,
    23.32977657418189,
    25.87009316469821,
    27.53212512249441,
    28.191942427554594,
    29.189215190560724,
    29.18139790650193,
    29.1836339854004,
    28.93207637139903,
    29.34593400019377,
    29.58702599400495,
    30.102874012880548,
    30.100024495690096,
    30.195678749073654,
    30.313695205995728,
    30.503750207136115,
    30.621512552857467,
    30.657155267636476,
    30.736630877106958,
    30.831252189772545,
    30.874567579560434,
    30.86013172948083,
    30.932604363203996,
    30.889009482740207,
    30.981282618528596,
    30.536127293982158,
    30.9042312905522,
    30.97390442765442,
    30.95353739409033,
    31.013013007488023,
    31.016873311266192,
    30.986640633200626,
    31.018609313618644,
    31.01242518871262,
    31.050447204609316,
    30.710814101954313,
    31.117637715959034,
    31.135590081855916,
    31.142086817740854,
    31.150364866327035,
    31.1872177399902,
    31.163490416309877,
    31.164068817348557,
    31.179122018732947,
    31.157099897727598,
    31.196740290284225
  ]
}