{
  "train_loss": [
    0.0019080672279130763,
    0.0015013978174204558,
    0.0012909087705530514,
    0.0011342459993705816,
    0.0010811994562767576,
    0.0010305869815856856,
    0.0010462542651120787,
    0.0009941351098804543,
    0.0009371246004482954,
    0.0009631115487701155,
    0.0010052606660803495,
    0.0009360693776013327,
    0.0009704350183627573,
    0.0009126604839227565,
    0.0008987044556406065,
    0.0009068053871973234,
    0.0008923537101172929,
    0.0012797407331938263,
    0.0010569088789753264,
    0.0009601797999471312,
    0.0008450780042803197,
    0.0008430283632070265,
    0.0008338228607248099,
    0.0008217664808919733,
    0.0008210249414738275,
    0.000817183966404255,
    0.0008085477752246542,
    0.0008148948453782498,
    0.0008311547358508179,
    0.000816181227965629
  ],
  "train_psnr": [
    27.756332310505098,
    28.40899964320139,
    29.024984154996044,
    29.530733682456102,
    29.728593783018876,
    29.93153347863572,
    29.88405342475298,
    30.093729863840277,
    30.33080682251444,
    30.237401061888384,
    30.081068931218244,
    30.350606816097613,
    30.20407922553259,
    30.45078930500483,
    30.5111995516889,
    30.48414700557343,
    30.541849282405895,
    29.462794180424865,
    29.815107840269178,
    30.228822801982687,
    30.77167533976208,
    30.779176427773027,
    30.831731567988662,
    30.89355406677324,
    30.90187134826582,
    30.919368261649943,
    30.96647196849232,
    30.933067272551952,
    30.855985266609213,
    30.9352859447304
  ]
}